<?xml version="1.0" encoding="UTF-8"?>
<project-private xmlns="http://www.netbeans.org/ns/project-private/1">
    <editor-bookmarks xmlns="http://www.netbeans.org/ns/editor-bookmarks/2" lastBookmarkId="0"/>
    <open-files xmlns="http://www.netbeans.org/ns/projectui-open-files/2">
        <group>
            <file>file:/C:/Users/vinay/Documents/NetBeansProjects/Vinay_gor_Assignment_HW3/src/userinterface/HomePageJPanel.java</file>
            <file>file:/C:/Users/vinay/Documents/NetBeansProjects/Vinay_gor_Assignment_HW3/src/userinterface/UserSearchJPanel.java</file>
            <file>file:/C:/Users/vinay/Documents/NetBeansProjects/Vinay_gor_Assignment_HW3/src/userinterface/ViewProductJPanel.java</file>
            <file>file:/C:/Users/vinay/Documents/NetBeansProjects/Vinay_gor_Assignment_HW3/src/userinterface/ViewVendorJPanel.java</file>
            <file>file:/C:/Users/vinay/Documents/NetBeansProjects/Vinay_gor_Assignment_HW3/src/business/ProductCatalog.java</file>
            <file>file:/C:/Users/vinay/Documents/NetBeansProjects/Vinay_gor_Assignment_HW3/src/userinterface/UserViewJPanel.java</file>
            <file>file:/C:/Users/vinay/Documents/NetBeansProjects/Vinay_gor_Assignment_HW3/src/userinterface/VendorLoginJPanel.java</file>
            <file>file:/C:/Users/vinay/Documents/NetBeansProjects/Vinay_gor_Assignment_HW3/src/business/Product.java</file>
            <file>file:/C:/Users/vinay/Documents/NetBeansProjects/Vinay_gor_Assignment_HW3/src/userinterface/AdminLoginJPanel.java</file>
            <file>file:/C:/Users/vinay/Documents/NetBeansProjects/Vinay_gor_Assignment_HW3/src/business/Vendor.java</file>
            <file>file:/C:/Users/vinay/Documents/NetBeansProjects/Vinay_gor_Assignment_HW3/src/business/VendorCatalog.java</file>
            <file>file:/C:/Users/vinay/Documents/NetBeansProjects/Vinay_gor_Assignment_HW3/src/userinterface/ManageCatalogJPanel.java</file>
            <file>file:/C:/Users/vinay/Documents/NetBeansProjects/Vinay_gor_Assignment_HW3/src/userinterface/CreateVendorJPanel.java</file>
            <file>file:/C:/Users/vinay/Documents/NetBeansProjects/Vinay_gor_Assignment_HW3/src/userinterface/AdminControlJPanel.java</file>
            <file>file:/C:/Users/vinay/Documents/NetBeansProjects/Vinay_gor_Assignment_HW3/src/userinterface/MainJFrame.java</file>
            <file>file:/C:/Users/vinay/Documents/NetBeansProjects/Vinay_gor_Assignment_HW3/src/userinterface/CreateProductJPanel.java</file>
        </group>
    </open-files>
</project-private>
