<?xml version="1.0" encoding="UTF-8"?>
<project-private xmlns="http://www.netbeans.org/ns/project-private/1">
    <editor-bookmarks xmlns="http://www.netbeans.org/ns/editor-bookmarks/2" lastBookmarkId="0"/>
    <open-files xmlns="http://www.netbeans.org/ns/projectui-open-files/2">
        <group>
            <file>file:/C:/Users/vinay/Documents/NetBeansProjects/AED_Lab1/src/Interface/MainJFrame.java</file>
            <file>file:/C:/Users/vinay/Documents/NetBeansProjects/AED_Lab1/src/Business/Product.java</file>
            <file>file:/C:/Users/vinay/Documents/NetBeansProjects/AED_Lab1/src/Interface/CreateJPanel.java</file>
            <file>file:/C:/Users/vinay/Documents/NetBeansProjects/AED_Lab1/src/Interface/DisplayJPanel.java</file>
        </group>
    </open-files>
</project-private>
