<?xml version="1.0" encoding="UTF-8"?>
<project-private xmlns="http://www.netbeans.org/ns/project-private/1">
    <editor-bookmarks xmlns="http://www.netbeans.org/ns/editor-bookmarks/2" lastBookmarkId="0"/>
    <open-files xmlns="http://www.netbeans.org/ns/projectui-open-files/2">
        <group>
            <file>file:/C:/Users/vinay/Documents/NetBeansProjects/Lab8Package/Labortary8Skelton/src/Business/Enterprise/Enterprise.java</file>
            <file>file:/C:/Users/vinay/Documents/NetBeansProjects/Lab8Package/Labortary8Skelton/src/userinterface/SystemAdminWorkArea/ManageEnterpriseJPanel.java</file>
            <file>file:/C:/Users/vinay/Documents/NetBeansProjects/Lab8Package/Labortary8Skelton/src/userinterface/SystemAdminWorkArea/ManageEnterpriseAdminJPanel.java</file>
            <file>file:/C:/Users/vinay/Documents/NetBeansProjects/Lab8Package/Labortary8Skelton/src/Business/DB4OUtil/DB4OUtil.java</file>
            <file>file:/C:/Users/vinay/Documents/NetBeansProjects/Lab8Package/Labortary8Skelton/src/Business/ConfigureASystem.java</file>
            <file>file:/C:/Users/vinay/Documents/NetBeansProjects/Lab8Package/Labortary8Skelton/src/userinterface/SystemAdminWorkArea/SystemAdminWorkAreaJPanel.java</file>
            <file>file:/C:/Users/vinay/Documents/NetBeansProjects/Lab8Package/Labortary8Skelton/src/Business/Enterprise/HospitalEnterprise.java</file>
            <file>file:/C:/Users/vinay/Documents/NetBeansProjects/Lab8Package/Labortary8Skelton/src/userinterface/SystemAdminWorkArea/ManageNetworkJPanel.java</file>
            <file>file:/C:/Users/vinay/Documents/NetBeansProjects/Lab8Package/Labortary8Skelton/src/Business/Organization/Organization.java</file>
            <file>file:/C:/Users/vinay/Documents/NetBeansProjects/Lab8Package/Labortary8Skelton/src/userinterface/MainJFrame.java</file>
            <file>file:/C:/Users/vinay/Documents/NetBeansProjects/Lab8Package/Labortary8Skelton/src/Business/EcoSystem.java</file>
            <file>file:/C:/Users/vinay/Documents/NetBeansProjects/Lab8Package/Labortary8Skelton/src/Business/Role/SystemAdminRole.java</file>
        </group>
    </open-files>
</project-private>
