<?xml version="1.0" encoding="UTF-8"?>
<project-private xmlns="http://www.netbeans.org/ns/project-private/1">
    <editor-bookmarks xmlns="http://www.netbeans.org/ns/editor-bookmarks/2" lastBookmarkId="0"/>
    <open-files xmlns="http://www.netbeans.org/ns/projectui-open-files/2">
        <group>
            <file>file:/C:/Users/vinay/Documents/NetBeansProjects/AED_Lab3/src/userinterface/CreateAccountJPanel.java</file>
            <file>file:/C:/Users/vinay/Documents/NetBeansProjects/AED_Lab3/src/business/Account.java</file>
            <file>file:/C:/Users/vinay/Documents/NetBeansProjects/AED_Lab3/src/userinterface/ViewAccountDetailsJPanel.java</file>
            <file>file:/C:/Users/vinay/Documents/NetBeansProjects/AED_Lab3/src/userinterface/MainJFrame.java</file>
            <file>file:/C:/Users/vinay/Documents/NetBeansProjects/AED_Lab3/src/userinterface/AccountManageWorkArea.java</file>
            <file>file:/C:/Users/vinay/Documents/NetBeansProjects/AED_Lab3/src/userinterface/ManageAccountJPanel.java</file>
        </group>
    </open-files>
</project-private>
