<?xml version="1.0" encoding="UTF-8"?>
<project-private xmlns="http://www.netbeans.org/ns/project-private/1">
    <editor-bookmarks xmlns="http://www.netbeans.org/ns/editor-bookmarks/2" lastBookmarkId="0"/>
    <open-files xmlns="http://www.netbeans.org/ns/projectui-open-files/2">
        <group>
            <file>file:/C:/Users/vinay/Documents/NetBeansProjects/Homework-2/src/resumepackage/PersonalInformation.java</file>
            <file>file:/C:/Users/vinay/Documents/NetBeansProjects/Homework-2/src/resumepackage/Address.java</file>
            <file>file:/C:/Users/vinay/Documents/NetBeansProjects/Homework-2/src/userinterface/DisplayJPanel.java</file>
            <file>file:/C:/Users/vinay/Documents/NetBeansProjects/Homework-2/src/userinterface/CreateJPanel.java</file>
            <file>file:/C:/Users/vinay/Documents/NetBeansProjects/Homework-2/src/resumepackage/ResumeContainer.java</file>
            <file>file:/C:/Users/vinay/Documents/NetBeansProjects/Homework-2/src/userinterface/MainJFrame.java</file>
        </group>
    </open-files>
</project-private>
